NUM_CERTIFICADO|TASA_INTERES_ANTERIOR|TASA_POOL_ANTERIOR|TASA_INTERES_NUEVA|TASA_POOL_NUEVA|FECHA_CAMBIO_TASA|USUARIO_CAMBIO_TASA
AA2528063FP0|9.45|11|9.45|11|20260302|USERVINPUTTER01
AA25280W5L3F|8.55|11|8.55|11|20260302|USERVINPUTTER01
AA25280WJ0V1|4.03|5.35|2.88|4.2|20260302|USERVINPUTTER01
AA252806PRSC|5|10|5.01|10.01|20260302|USERVINPUTTER01
AA25280VYDB3|0.46|1.1|3.56|4.2|20260302|USERVINPUTTER01
AA25280XCWTN|7.36|10.9|7.36|10.9|20260302|USERVINPUTTER01
AA25280XD4HD|5.25|5.35|4.1|4.2|20260302|USERVINPUTTER01
AA25280XF9TD|1|4|7.01|10.01|20260302|USERVINPUTTER01
AA252800DS9R|4.9|10.9|4.9|10.9|20260302|USERVINPUTTER01
AA25280VN0JQ|8.35|12.7|4.5|8.85|20260302|USERVINPUTTER01
AA25280VNRL7|9|10.65|7.2|8.85|20260302|USERVINPUTTER01
AA25280XKS3X|6.7|10.5|6.21|10.01|20260302|USERVINPUTTER01
AA25276TWMTL|6.83|11|6.83|11|20260302|USERVINPUTTER01
AA25280XZJXH|2.73|10.9|2.73|10.9|20260302|USERVINPUTTER01
AA252806GH7L|8.45|10.5|7.96|10.01|20260302|USERVINPUTTER01
AA25280WFJWQ|7.3|11.35|4.8|8.85|20260302|USERVINPUTTER01
AA25280XGN2Y|3.7|4.5|3.7|4.5|20260302|USERVINPUTTER01
AA25280XLPZB|7.5|11.35|5|8.85|20260302|USERVINPUTTER01
AA2528068Q14|8.45|10.9|8.45|10.9|20260302|USERVINPUTTER01
AA252806G9FV|4.03|8.7|5.34|10.01|20260302|USERVINPUTTER01
AA25280VP6SQ|0.46|0|4.66|4.2|20260302|USERVINPUTTER01
AA25280WS7WC|5.25|5.35|4.1|4.2|20260302|USERVINPUTTER01
AA25280WX88H|2.63|8.7|2.78|8.85|20260302|USERVINPUTTER01
AA252805Y7Q1|5.5|12.7|1.65|8.85|20260302|USERVINPUTTER01
AA25280X1RQG|2.5|7.85|3.5|8.85|20260302|USERVINPUTTER01
AA25280XLJJ5|8.3|10.5|6.65|8.85|20260302|USERVINPUTTER01
AA252806P49J|2|5.75|0.65|4.4|20260302|USERVINPUTTER01
AA25280W4KBS|8.1|10.5|6.45|8.85|20260302|USERVINPUTTER01
AA25280WT2KT|6.98|10.65|5.18|8.85|20260302|USERVINPUTTER01
AA25280XVZ5J|3|5.75|1.65|4.4|20260302|USERVINPUTTER01
AA25280XMYRP|4.15|5.5|3.05|4.4|20260302|USERVINPUTTER01
AA252806K55C|8|8.3|8.55|8.85|20260302|USERVINPUTTER01
AA252806H45C|5.4|10.9|5.4|10.9|20260302|USERVINPUTTER01
AA252806FH3Z|9.5|11.35|7|8.85|20260302|USERVINPUTTER01
AA25280XY9HM|2.5|6.9|4.45|8.85|20260302|USERVINPUTTER01
AA25280WFL25|7.9|11|7.9|11|20260302|USERVINPUTTER01
AA252805XY4Y|4.25|4.45|4.25|4.45|20260302|USERVINPUTTER01
AA252806DF0G|2.94|8|3.79|8.85|20260302|USERVINPUTTER01
AA25280XB5NX|7|12.7|4.31|10.01|20260302|USERVINPUTTER01
AA25280XKMGZ|3|5.75|1.65|4.4|20260302|USERVINPUTTER01
AA25276VTR71|6.83|11|6.83|11|20260302|USERVINPUTTER01
AA2528069XRC|10.45|11|10.45|11|20260302|USERVINPUTTER01
AA25280XD69F|4.03|8.7|5.34|10.01|20260302|USERVINPUTTER01
AA25280XM44M|8.5|11.35|6|8.85|20260302|USERVINPUTTER01
AA25280W7Q4T|7|11|7|11|20260302|USERVINPUTTER01
AA25280WQWYH|5|7.9|5.95|8.85|20260302|USERVINPUTTER01
AA25280XL8M5|2.7|4.5|2.7|4.5|20260302|USERVINPUTTER01
AA2528060GQ8|3|12.7|0.31|10.01|20260302|USERVINPUTTER01
AA25280RRLJZ|2.5|6.9|4.45|8.85|20260302|USERVINPUTTER01
AA25280WW7GK|6.55|11.35|4.05|8.85|20260302|USERVINPUTTER01
AA25280XVP86|5.7|10.5|5.21|10.01|20260302|USERVINPUTTER01
AA2528061FKP|8|11.35|5.5|8.85|20260302|USERVINPUTTER01
AA25280VY7FQ|2.5|5.75|1.15|4.4|20260302|USERVINPUTTER01
AA25280W74T0|2.7|7.7|3.85|8.85|20260302|USERVINPUTTER01
AA25280X5R9L|7|12.7|3.15|8.85|20260302|USERVINPUTTER01
AA25280Y3RQQ|8.46|12|4.38|7.92|20260302|USERVINPUTTER01
AA252806678V|4.15|5.55|3|4.4|20260302|USERVINPUTTER01
AA25280680ZN|7|11.5|5.51|10.01|20260302|USERVINPUTTER01
AA25280WF48F|0.46|1.66|3|4.2|20260302|USERVINPUTTER01
AA252800D2B9|2|3|3.2|4.2|20260302|USERVINPUTTER01
AA25280VNWK3|5.55|10.9|5.55|10.9|20260302|USERVINPUTTER01
AA25280W25R7|2.5|12.7|0|10.01|20260302|USERVINPUTTER01
AA25280X10JM|8.45|10.9|8.45|10.9|20260302|USERVINPUTTER01
AA25280VY6V9|3|7.85|4|8.85|20260302|USERVINPUTTER01
AA25280VYWT7|3|5.4|2|4.4|20260302|USERVINPUTTER01
AA25280X4V9J|8.8|11.35|6.3|8.85|20260302|USERVINPUTTER01
AA25280XCN1R|5|11.35|2.5|8.85|20260302|USERVINPUTTER01
AA2528067XH6|2.5|6.9|4.45|8.85|20260302|USERVINPUTTER01
AA25280RTTHM|5.25|5.35|4.1|4.2|20260302|USERVINPUTTER01
AA25280W22TB|7.03|11.7|4.06|8.73|20260302|USERVINPUTTER01
AA25280X0DJQ|7.7|11|7.7|11|20260302|USERVINPUTTER01
AA25280X4LGG|5.2|12.7|2.51|10.01|20260302|USERVINPUTTER01
AA25280XSZ35|5|8|5.85|8.85|20260302|USERVINPUTTER01
AA25280WG2Z8|2.5|7.7|3.65|8.85|20260302|USERVINPUTTER01
AA25280WNM5D|10.35|11.35|7.85|8.85|20260302|USERVINPUTTER01
AA25280WTYCZ|3.75|7.85|4.75|8.85|20260302|USERVINPUTTER01
AA25280XLBB1|2.5|10|2.51|10.01|20260302|USERVINPUTTER01
AA25280W9CWM|2.7|8|3.55|8.85|20260302|USERVINPUTTER01
AA25280VY9S5|10.01|10.11|10.01|10.11|20260302|USERVINPUTTER01
AA25280WMVZJ|7.35|11|7.35|11|20260302|USERVINPUTTER01
AA2528095352|5|11.35|2.5|8.85|20260302|USERVINPUTTER01
AA252805ZXWD|10.75|8.15|11.6|9|20260302|USERVINPUTTER01
AA25280VZVPP|5.7|10.9|5.7|10.9|20260302|USERVINPUTTER01
AA25280RS75B|5.56|11.35|3.06|8.85|20260302|USERVINPUTTER01
AA25280WLR4Z|8.3|8|9.15|8.85|20260302|USERVINPUTTER01
AA25280WLZ8L|1|3|2.2|4.2|20260302|USERVINPUTTER01
AA25280966SZ|5.7|10.5|5.21|10.01|20260302|USERVINPUTTER01
AA25280WR4M2|2.5|7.85|3.5|8.85|20260302|USERVINPUTTER01
AA25280WYNYZ|6.8|10.5|5.15|8.85|20260302|USERVINPUTTER01
AA25280WXPZK|2.5|4.6|6.75|8.85|20260302|USERVINPUTTER01
AA252806L3Y4|1.65|4.45|1.65|4.45|20260302|USERVINPUTTER01
AA252800GLM7|0.4|10.9|0.4|10.9|20260302|USERVINPUTTER01
AA252804B9YB|2.5|5.75|1.15|4.4|20260302|USERVINPUTTER01
AA252802NFNP|7|6.9|8.95|8.85|20260302|USERVINPUTTER01
AA252802KY5Y|6.83|10.5|5.18|8.85|20260302|USERVINPUTTER01
AA2528073W7J|4|11.5|2.51|10.01|20260302|USERVINPUTTER01
AA252804G54G|0.85|2.7|2.35|4.2|20260302|USERVINPUTTER01
AA252804GGR0|6.98|10.65|5.18|8.85|20260302|USERVINPUTTER01
AA2528050F6N|4.75|11.5|3.26|10.01|20260302|USERVINPUTTER01
AA2528072VBB|3.9|10.9|3.9|10.9|20260302|USERVINPUTTER01
AA252802PGQP|8.7|11|8.7|11|20260302|USERVINPUTTER01
AA252809ZY9B|3.9|10.9|3.9|10.9|20260302|USERVINPUTTER01
AA25280B1RGX|4.03|8.7|5.34|10.01|20260302|USERVINPUTTER01
AA2528028RRW|5.2|10.9|5.2|10.9|20260302|USERVINPUTTER01
AA252802FWGX|1|1.83|3.37|4.2|20260302|USERVINPUTTER01
AA252802C71W|4.03|8.7|5.34|10.01|20260302|USERVINPUTTER01
AA252807JPCC|5.7|10.5|5.21|10.01|20260302|USERVINPUTTER01
AA252804CWHX|0.36|0|4.56|4.2|20260302|USERVINPUTTER01
AA26001K59YW|5.5|4.5|5.5|4.5|20260302|USERVINPUTTER01
AA252801VHN2|5.16|8.7|6.47|10.01|20260302|USERVINPUTTER01
AA252802J7VN|8.11|10.65|6.31|8.85|20260302|USERVINPUTTER01
AA252802LS5N|4.17|5.35|3.02|4.2|20260302|USERVINPUTTER01
AA252804MRNR|5.4|10.9|5.4|10.9|20260302|USERVINPUTTER01
AA25280721B3|2|5.55|0.85|4.4|20260302|USERVINPUTTER01
AA26001MGVFC|12|11|12|11|20260302|USERVINPUTTER01
AA2528026RC1|10.45|10.9|10.45|10.9|20260302|USERVINPUTTER01
AA2528074W1M|3.3|5.75|1.95|4.4|20260302|USERVINPUTTER01
AA25280530WQ|5.8|11.35|3.3|8.85|20260302|USERVINPUTTER01
AA252809PHNF|10.5|10.5|8.85|8.85|20260302|USERVINPUTTER01
AA252804B21D|10|12.7|6.15|8.85|20260302|USERVINPUTTER01
AA2528054XTR|3|5.75|1.65|4.4|20260302|USERVINPUTTER01
AA2528085QM7|4.85|5.35|3.7|4.2|20260302|USERVINPUTTER01
AA2528050YWM|2.5|7.9|3.45|8.85|20260302|USERVINPUTTER01
AA252805BJ17|4.1|4.4|4.1|4.4|20260302|USERVINPUTTER01
AA2528029TY9|10.25|11.35|7.75|8.85|20260302|USERVINPUTTER01
AA2528083W3Q|11.45|11.7|8.48|8.73|20260302|USERVINPUTTER01
AA252809J8GY|0.38|1|3.58|4.2|20260302|USERVINPUTTER01
AA252809N5GC|11.86|10.11|11.86|10.11|20260302|USERVINPUTTER01
AA252807BF4G|6|11.5|4.51|10.01|20260302|USERVINPUTTER01
AA252801Z1PW|8.5|11.4|7.11|10.01|20260302|USERVINPUTTER01
AA2528055QMM|4|12.7|1.31|10.01|20260302|USERVINPUTTER01
AA252807306R|2.63|8|3.48|8.85|20260302|USERVINPUTTER01
AA26001FPYHK|10||10||20260302|USERVINPUTTER01
AA252801X7P8|4.03|8.7|5.34|10.01|20260302|USERVINPUTTER01
AA252804366F|6.8|11|6.8|11|20260302|USERVINPUTTER01
AA252807CFTW|6|11.5|4.51|10.01|20260302|USERVINPUTTER01
AA252805C8R5|7.39|10.9|7.39|10.9|20260302|USERVINPUTTER01
AA2528073XRS|1.95|4.45|1.95|4.45|20260302|USERVINPUTTER01
AA252802LWT8|2.6|8|3.45|8.85|20260302|USERVINPUTTER01
AA2528077FG2|3.5|8.7|3.65|8.85|20260302|USERVINPUTTER01
AA25280207NB|8.11|10.65|6.31|8.85|20260302|USERVINPUTTER01
AA252809L5H1|0.4|10.9|0.4|10.9|20260302|USERVINPUTTER01
AA2528049NGP|4|12.7|0.15|8.85|20260302|USERVINPUTTER01
AA2528079KYP|3|7|4.85|8.85|20260302|USERVINPUTTER01
AA2528051V4X|7.7|11.5|6.21|10.01|20260302|USERVINPUTTER01
AA252805BKY5|4|11.5|2.51|10.01|20260302|USERVINPUTTER01
AA26001K9SHW|10||10||20260302|USERVINPUTTER01
AA252805DYNH|2.73|8.7|2.88|8.85|20260302|USERVINPUTTER01
AA2528075DTJ|0.38|1.1|3.48|4.2|20260302|USERVINPUTTER01
AA252804C241|6|11.5|4.51|10.01|20260302|USERVINPUTTER01
AA252801VSQ7|5.85|10.9|5.85|10.9|20260302|USERVINPUTTER01
AA252801WG7B|4.85|10.9|4.85|10.9|20260302|USERVINPUTTER01
AA2528077JVR|4.75|11.35|2.25|8.85|20260302|USERVINPUTTER01
AA2528043SNZ|7.9|11|7.9|11|20260302|USERVINPUTTER01
AA252804MZ64|6.45|10.9|6.45|10.9|20260302|USERVINPUTTER01
AA2528056703|8|12.7|5.31|10.01|20260302|USERVINPUTTER01
AA252801V2S4|0.38|1.83|2.75|4.2|20260302|USERVINPUTTER01
AA2528058Z26|11.45|11.7|8.48|8.73|20260302|USERVINPUTTER01
AA252805FQJV|6.98|10.65|5.18|8.85|20260302|USERVINPUTTER01
AA26001K4F4R|10||10||20260302|USERVINPUTTER01
AA26001MWTSX|10||10||20260302|USERVINPUTTER01
AA252807BFWP|8.11|10.11|8.11|10.11|20260302|USERVINPUTTER01
AA252807MD73|3.6|8.3|4.15|8.85|20260302|USERVINPUTTER01
AA25280587NK|5|8.7|6.31|10.01|20260302|USERVINPUTTER01
AA26001GGYT1|12|11|12|11|20260302|USERVINPUTTER01
AA252807D65N|4.03|8.7|5.34|10.01|20260302|USERVINPUTTER01
AA252809R1DP|6.23|10.9|6.23|10.9|20260302|USERVINPUTTER01
AA2528076HF6|3|5.75|1.65|4.4|20260302|USERVINPUTTER01
AA252804BKLW|2.5|8.3|3.05|8.85|20260302|USERVINPUTTER01
AA252804R8R9|2.5|4.6|6.75|8.85|20260302|USERVINPUTTER01
AA26001K4FPG|12|11|12|11|20260302|USERVINPUTTER01
AA2528072X6M|1.9|10.9|1.9|10.9|20260302|USERVINPUTTER01
AA2528044DTJ|3.5|4.45|3.5|4.45|20260302|USERVINPUTTER01
AA252804KVSD|2.73|8.3|3.28|8.85|20260302|USERVINPUTTER01
AA26001FNP7W|12|11|12|11|20260302|USERVINPUTTER01
AA2528071MC4|4.95|11.35|2.45|8.85|20260302|USERVINPUTTER01
AA25280500ZK|4.75|11.5|3.26|10.01|20260302|USERVINPUTTER01
AA26001H8PP2|12|11|12|11|20260302|USERVINPUTTER01
AA252800TMM9|10|11.35|7.5|8.85|20260302|USERVINPUTTER01
AA25280GQMCC|7.36|10.9|7.36|10.9|20260302|USERVINPUTTER01
AA25280GTQHG|5.25|6.9|7.2|8.85|20260302|USERVINPUTTER01
AA25276TH2XP|9.75|11|9.75|11|20260302|USERVINPUTTER01
AA25280GV87M|6.83|10.5|5.18|8.85|20260302|USERVINPUTTER01
AA25280GYFWW|6.23|10.9|6.23|10.9|20260302|USERVINPUTTER01
AA25276LMMC9|6.83|11|6.83|11|20260302|USERVINPUTTER01
AA252800RL1Q|2.53|8.3|3.08|8.85|20260302|USERVINPUTTER01
AA252800PPTT|2.7|7.9|3.65|8.85|20260302|USERVINPUTTER01
AA252800MHQ1|4.1|5.4|3.1|4.4|20260302|USERVINPUTTER01
AA25276KLXSH|10.75|11|10.75|11|20260302|USERVINPUTTER01
AA252800VQL3|2.5|6.9|4.45|8.85|20260302|USERVINPUTTER01
AA2528022JLT|7.23|10.11|7.23|10.11|20260302|USERVINPUTTER01
AA252800SNY9|2.5|8.3|3.05|8.85|20260302|USERVINPUTTER01
AA25276FGH34|6.83|11|6.83|11|20260302|USERVINPUTTER01
AA252800NXQH|4.4|12.7|1.71|10.01|20260302|USERVINPUTTER01
AA252800QH98|7.05|11|7.05|11|20260302|USERVINPUTTER01
AA25280GTHS5|8.61|10.11|8.61|10.11|20260302|USERVINPUTTER01
AA25280GZ74D|4.65|10.9|4.65|10.9|20260302|USERVINPUTTER01
AA252800HXKX|3|7.4|4.45|8.85|20260302|USERVINPUTTER01
AA2528025ML1|0.46|2.7|1.96|4.2|20260302|USERVINPUTTER01
AA25280GZJ31|3|12.7|0.31|10.01|20260302|USERVINPUTTER01
AA25280GW9Q4|4.03|8.7|5.34|10.01|20260302|USERVINPUTTER01
AA25276B53LM|7.08|11|7.08|11|20260302|USERVINPUTTER01
AA252800XMCF|5.5|6.9|7.45|8.85|20260302|USERVINPUTTER01
AA252800ZHYN|5.2|10.9|5.2|10.9|20260302|USERVINPUTTER01
AA252800S49S|4.5|11.5|3.01|10.01|20260302|USERVINPUTTER01
AA25280H2V0K|5.16|8.7|6.47|10.01|20260302|USERVINPUTTER01
AA25276TGR2S|6.83|11|6.83|11|20260302|USERVINPUTTER01
AA252800QQ18|10.65|10.9|10.65|10.9|20260302|USERVINPUTTER01
AA252800ZMMB|5.62|10.9|5.62|10.9|20260302|USERVINPUTTER01
AA25280GX556|6.26|12.7|2.41|8.85|20260302|USERVINPUTTER01
AA252800V4P1|5.25|7.3|6.8|8.85|20260302|USERVINPUTTER01
AA252808FTL5|10.25|11.35|7.75|8.85|20260302|USERVINPUTTER01
AA25280Q4921|2.45|4.45|2.45|4.45|20260302|USERVINPUTTER01
AA25280P97LS|6|11.5|4.51|10.01|20260302|USERVINPUTTER01
AA25246NZWFC|8.45|8.7|9.76|10.01|20260302|USERVINPUTTER01
AA25280JFL77|2.62|4.4|2.62|4.4|20260302|USERVINPUTTER01
AA25280H3P5C|9|11.35|6.5|8.85|20260302|USERVINPUTTER01
AA25280MFKTV|2.8|4.45|2.8|4.45|20260302|USERVINPUTTER01
AA25280P4LQ6|5.1|5.35|3.95|4.2|20260302|USERVINPUTTER01
AA25280K67GV|9|10.5|7.35|8.85|20260302|USERVINPUTTER01
AA25280NKBV4|8.5|8|9.35|8.85|20260302|USERVINPUTTER01
AA25280Q4258|4.03|8.7|5.34|10.01|20260302|USERVINPUTTER01
AA25280Q6LFD|3|5.4|2|4.4|20260302|USERVINPUTTER01
AA25280Q83CD|3|7.7|4.15|8.85|20260302|USERVINPUTTER01
AA26001SVXFL|12|11|12|11|20260302|USERVINPUTTER01
AA25280JFVDR|3|5.75|1.65|4.4|20260302|USERVINPUTTER01
AA25280NK1BJ|7.39|10.9|7.39|10.9|20260302|USERVINPUTTER01
AA25280Q4MP2|10|8.3|10.55|8.85|20260302|USERVINPUTTER01
AA252808GB8G|6.2|8.7|6.35|8.85|20260302|USERVINPUTTER01
AA252808J5JH|9|7.7|10.15|8.85|20260302|USERVINPUTTER01
AA25280K8YDT|2.5|8.7|2.65|8.85|20260302|USERVINPUTTER01
AA25280MNZ8Z|4.9|10.9|4.9|10.9|20260302|USERVINPUTTER01
AA25280MPNCQ|10.35|11.35|7.85|8.85|20260302|USERVINPUTTER01
AA25280JFN1F|4.05|5.35|2.9|4.2|20260302|USERVINPUTTER01
AA26001R013V|12|11|12|11|20260302|USERVINPUTTER01
AA25280MS21F|7|6.9|8.95|8.85|20260302|USERVINPUTTER01
AA25280NG843|4.75|11.35|2.25|8.85|20260302|USERVINPUTTER01
AA25280PF89Z|2.85|10.9|2.85|10.9|20260302|USERVINPUTTER01
AA25280NBH4H|5|11.35|2.5|8.85|20260302|USERVINPUTTER01
AA25280PBF6G|3.69|5.4|2.69|4.4|20260302|USERVINPUTTER01
AA25246JTL3P|9.86|10.11|9.86|10.11|20260302|USERVINPUTTER01
AA26001YJ041|12|11|12|11|20260302|USERVINPUTTER01
AA25280K1RM7|6.98|10.65|5.18|8.85|20260302|USERVINPUTTER01
AA25280K573G|7.2|10.9|7.2|10.9|20260302|USERVINPUTTER01
AA25280MD3HS|6.83|10.5|5.18|8.85|20260302|USERVINPUTTER01
AA25280P5CJG|5.05|9.9|5.16|10.01|20260302|USERVINPUTTER01
AA25280Q389K|6|11.35|3.5|8.85|20260302|USERVINPUTTER01
AA25280H3XVD|7.54|10.9|7.54|10.9|20260302|USERVINPUTTER01
AA25280PBW5Q|3.35|10.9|3.35|10.9|20260302|USERVINPUTTER01
AA25280JK3K5|2|8.7|3.31|10.01|20260302|USERVINPUTTER01
AA26001WGPXZ|10||10||20260302|USERVINPUTTER01
AA26001TXDN6|12|11|12|11|20260302|USERVINPUTTER01
AA252469P6XG|10.65|10.9|10.65|10.9|20260302|USERVINPUTTER01
AA25280K8W9T|3.8|4.45|3.8|4.45|20260302|USERVINPUTTER01
AA25280N8P2W|3.92|5.25|2.87|4.2|20260302|USERVINPUTTER01
AA25280NL4J4|5|11.5|3.51|10.01|20260302|USERVINPUTTER01
AA25280JHPMJ|5|8.7|6.31|10.01|20260302|USERVINPUTTER01
AA26001WKD6V|12|11|12|11|20260302|USERVINPUTTER01
AA25280K9JX8|5.19|8.7|6.5|10.01|20260302|USERVINPUTTER01
AA25280Q35Z3|3|6.9|4.95|8.85|20260302|USERVINPUTTER01
AA25280PBXBC|10.25|11.35|7.75|8.85|20260302|USERVINPUTTER01
AA25280Q8S4R|7.3|11.35|4.8|8.85|20260302|USERVINPUTTER01
AA252808KPTM|4.85|5.35|3.7|4.2|20260302|USERVINPUTTER01
AA25280N9NQB|6|10.5|4.35|8.85|20260302|USERVINPUTTER01
AA25280P5W32|2.5|8|3.35|8.85|20260302|USERVINPUTTER01
AA25280K4KBW|8.6|11.5|7.11|10.01|20260302|USERVINPUTTER01
AA25280MKTHQ|5.21|12.7|1.36|8.85|20260302|USERVINPUTTER01
AA25280MLYK5|3.2|4.45|3.2|4.45|20260302|USERVINPUTTER01
AA25280JKF3X|5.25|5.35|4.1|4.2|20260302|USERVINPUTTER01
AA26001TNZ0P|10||10||20260302|USERVINPUTTER01
AA25280JM8JX|7.5|8.7|8.81|10.01|20260302|USERVINPUTTER01
AA25280Q28B9|1.95|4.45|1.95|4.45|20260302|USERVINPUTTER01
AA25280K66Z1|4.03|8.7|5.34|10.01|20260302|USERVINPUTTER01
AA25280PG8N3|6.23|10.9|6.23|10.9|20260302|USERVINPUTTER01
AA25246193G8|10.65|10.9|10.65|10.9|20260302|USERVINPUTTER01
AA25280NQ1LX|7|11.35|4.5|8.85|20260302|USERVINPUTTER01
AA25280NBYGG|7|11.35|4.5|8.85|20260302|USERVINPUTTER01
AA25280Q5H0B|2.5|8.7|2.65|8.85|20260302|USERVINPUTTER01
AA252808JBKP|7.75|10.9|7.75|10.9|20260302|USERVINPUTTER01
AA252808KSK8|3|11.5|1.51|10.01|20260302|USERVINPUTTER01
AA25280KCTVY|11.45|11.7|8.48|8.73|20260302|USERVINPUTTER01
AA25280JBQ9K|3|5.75|1.65|4.4|20260302|USERVINPUTTER01
AA25280Q278N|2|5.75|0.65|4.4|20260302|USERVINPUTTER01
AA25280Q7SLL|4.35|4.45|4.35|4.45|20260302|USERVINPUTTER01
AA26001NQ12G|12|11|12|11|20260302|USERVINPUTTER01
AA25280MV9TP|6.7|10.5|6.21|10.01|20260302|USERVINPUTTER01
AA25216HV6TZ|10|11|10|11|20260302|USERVINPUTTER01
AA25280MGV7Z|5.5|11.35|3|8.85|20260302|USERVINPUTTER01
AA25280P5G3S|6.83|10.5|5.18|8.85|20260302|USERVINPUTTER01
AA26001Y49G4|10||10||20260302|USERVINPUTTER01
AA26001ZKLW1|12|11|12|11|20260302|USERVINPUTTER01
AA25280KMXS3|4|5.4|3|4.4|20260302|USERVINPUTTER01
AA252808JH1K|2.9|8|3.75|8.85|20260302|USERVINPUTTER01
AA26001QXRZR|12|11|12|11|20260302|USERVINPUTTER01
AA25280JMDPL|6.21|11.35|3.71|8.85|20260302|USERVINPUTTER01
AA25280MPZHF|1.15|10.9|1.15|10.9|20260302|USERVINPUTTER01
AA25246P23TM|10.65|10.9|10.65|10.9|20260302|USERVINPUTTER01
AA25280NJH7N|5.19|8.7|6.5|10.01|20260302|USERVINPUTTER01
AA25280LL26H|3|5.55|1.85|4.4|20260302|USERVINPUTTER01
AA25280MWRHZ|11.45|11.7|8.48|8.73|20260302|USERVINPUTTER01
AA25280LTRNR|6.83|7.9|7.78|8.85|20260302|USERVINPUTTER01
AA25280N3SCW|3|8.7|3.15|8.85|20260302|USERVINPUTTER01
AA25280LCY46|5|12.7|1.15|8.85|20260302|USERVINPUTTER01
AA25280KXMHY|6.23|10.9|6.23|10.9|20260302|USERVINPUTTER01
AA25280LGH7F|2.7|10.9|2.7|10.9|20260302|USERVINPUTTER01
AA25280VDBCY|2.5|8.7|2.65|8.85|20260302|USERVINPUTTER01
AA2528000XL9|3.7|4.4|3.7|4.4|20260302|USERVINPUTTER01
AA252809GX8F|0.31|0|4.51|4.2|20260302|USERVINPUTTER01
AA25280KX8HS|2.8|1.1|5.9|4.2|20260302|USERVINPUTTER01
AA25280JX7WT|2.5|9.25|2.1|8.85|20260302|USERVINPUTTER01
AA25280L8CWM|6.8|11|6.8|11|20260302|USERVINPUTTER01
AA25280MCDY3|3|5.5|1.9|4.4|20260302|USERVINPUTTER01
AA25280JX1SJ|3.55|4.45|3.55|4.45|20260302|USERVINPUTTER01
AA25280JVC2Y|8|8|8.85|8.85|20260302|USERVINPUTTER01
AA25280VGZCC|4|6.9|5.95|8.85|20260302|USERVINPUTTER01
AA252809CM16|2.5|8|3.35|8.85|20260302|USERVINPUTTER01
AA25280JY2VC|6.98|10.65|5.18|8.85|20260302|USERVINPUTTER01
AA25280LBFHD|2.5|7.85|3.5|8.85|20260302|USERVINPUTTER01
AA252809FYKZ|4.7|10.9|4.7|10.9|20260302|USERVINPUTTER01
AA25280KPZ00|7.5|8.7|8.81|10.01|20260302|USERVINPUTTER01
AA25280L9F0V|1.9|10|1.91|10.01|20260302|USERVINPUTTER01
AA25280N5RCS|6.23|10.9|6.23|10.9|20260302|USERVINPUTTER01
AA25280070KZ|2.73|10.9|2.73|10.9|20260302|USERVINPUTTER01
AA252802Q7XS|3.65|1.1|6.75|4.2|20260302|USERVINPUTTER01
AA25280VHNH1|5.1|8.7|6.41|10.01|20260302|USERVINPUTTER01
AA2528097G5Y|5.7|10.5|5.21|10.01|20260302|USERVINPUTTER01
AA2528098Y67|6|8|6.85|8.85|20260302|USERVINPUTTER01
AA25280KWLHT|3|11.5|1.51|10.01|20260302|USERVINPUTTER01
AA25280LZS93|2.5|10|2.51|10.01|20260302|USERVINPUTTER01
AA25280PK6VB|4.25|11.35|1.75|8.85|20260302|USERVINPUTTER01
AA2528007ZP8|10.25|12.7|6.4|8.85|20260302|USERVINPUTTER01
AA25280VDSBH|3.2|4.4|3.2|4.4|20260302|USERVINPUTTER01
AA25280KV2XQ|8|10.5|6.35|8.85|20260302|USERVINPUTTER01
AA25280N43DH|6.16|11.35|3.66|8.85|20260302|USERVINPUTTER01
AA25280KR1FB|2.5|8.3|3.05|8.85|20260302|USERVINPUTTER01
AA252802PJTZ|9.5|11.35|7|8.85|20260302|USERVINPUTTER01
AA25280VDV7W|1.15|10.9|1.15|10.9|20260302|USERVINPUTTER01
AA25280K0QP8|2|12.7|0|10.01|20260302|USERVINPUTTER01
AA25280NVQT5|6.45|11|6.45|11|20260302|USERVINPUTTER01
AA252809HXQT|6.23|10.9|6.23|10.9|20260302|USERVINPUTTER01
AA25280LJ9QK|8.5|11.35|6|8.85|20260302|USERVINPUTTER01
AA25280MW4Z6|4.03|8.7|5.34|10.01|20260302|USERVINPUTTER01
AA25280N54P1|2.5|8|3.35|8.85|20260302|USERVINPUTTER01
AA25280N6BT0|1.9|10.9|1.9|10.9|20260302|USERVINPUTTER01
AA25280JWPSQ|0.46|1|3.66|4.2|20260302|USERVINPUTTER01
AA25280MX6NK|4.23|1.7|6.73|4.2|20260302|USERVINPUTTER01
AA25280P18NS|8.1|10.9|8.1|10.9|20260302|USERVINPUTTER01
AA2528001SYX|3.17|12.7|0.48|10.01|20260302|USERVINPUTTER01
AA25280PH0WY|6.34|11.35|3.84|8.85|20260302|USERVINPUTTER01
AA25280VC8KX|3.65|4.5|3.65|4.5|20260302|USERVINPUTTER01
AA2528097Z12|3.3|4.45|3.3|4.45|20260302|USERVINPUTTER01
AA25280L3BW0|3|9.9|3.11|10.01|20260302|USERVINPUTTER01
AA2528099HLM|10.5|11.35|8|8.85|20260302|USERVINPUTTER01
AA25280LDG25|8.15|11.35|5.65|8.85|20260302|USERVINPUTTER01
AA25280M91W9|10.11|10.11|10.11|10.11|20260302|USERVINPUTTER01
AA25280LMY5Y|8.6|10|8.6|10|20260302|USERVINPUTTER01
AA25280N0PFF|10.45|11.35|7.95|8.85|20260302|USERVINPUTTER01
AA25280P0704|2.53|6.9|4.48|8.85|20260302|USERVINPUTTER01
AA25280VH6NC|2.5|7.85|3.5|8.85|20260302|USERVINPUTTER01
AA25280JZD13|4.4|10.9|4.4|10.9|20260302|USERVINPUTTER01
AA25280N7X2T|11.45|11.7|8.48|8.73|20260302|USERVINPUTTER01
AA25280LWJL0|9.5|12.7|5.65|8.85|20260302|USERVINPUTTER01
AA25280LBRN6|5.7|11.5|4.21|10.01|20260302|USERVINPUTTER01
AA25280NR2FS|3|7.85|4|8.85|20260302|USERVINPUTTER01
AA252800C4ZK|6|10.5|5.51|10.01|20260302|USERVINPUTTER01
AA25280KZDH3|5.19|8.7|6.5|10.01|20260302|USERVINPUTTER01
AA25280NVWTQ|3.85|7.7|5|8.85|20260302|USERVINPUTTER01
AA25280L65DS|0.31|0|4.51|4.2|20260302|USERVINPUTTER01
AA25280VFRX7|6.8|11|6.8|11|20260302|USERVINPUTTER01
AA25280LBRXQ|6.98|10.65|5.18|8.85|20260302|USERVINPUTTER01
AA25280LX8C9|9.1|12.7|5.25|8.85|20260302|USERVINPUTTER01
AA25280VFYXN|2.5|2.45|4.25|4.2|20260302|USERVINPUTTER01
AA25280VM9CY|11.45|11.7|8.48|8.73|20260302|USERVINPUTTER01
AA252809G4B0|6.83|10.5|5.18|8.85|20260302|USERVINPUTTER01
AA25280M275Z|4.5|5.35|3.35|4.2|20260302|USERVINPUTTER01
AA25280NRSH8|2.5|6.9|4.45|8.85|20260302|USERVINPUTTER01
AA25280NVHN5|1.9|10.9|1.9|10.9|20260302|USERVINPUTTER01
AA2528001MHX|2.7|8|3.55|8.85|20260302|USERVINPUTTER01
AA25280NXTB5|5.15|10.9|5.15|10.9|20260302|USERVINPUTTER01
AA2528003JKB|4|4.5|4|4.5|20260302|USERVINPUTTER01
AA25280KMZJB|5.5|11.35|3|8.85|20260302|USERVINPUTTER01
AA25280M9DY2|6.23|10.9|6.23|10.9|20260302|USERVINPUTTER01
AA25280JT7WZ|4.75|10.9|4.75|10.9|20260302|USERVINPUTTER01
AA252800D041|11.45|11.7|8.48|8.73|20260302|USERVINPUTTER01
AA25280M8H1Y|5.95|10.9|5.95|10.9|20260302|USERVINPUTTER01
AA2528037FXZ|5|11.5|3.51|10.01|20260302|USERVINPUTTER01
AA252805RDH6|3.11|12.7|0.42|10.01|20260302|USERVINPUTTER01
AA25280348C7|10|11.35|7.5|8.85|20260302|USERVINPUTTER01
AA252805MNBV|2.7|7.9|3.65|8.85|20260302|USERVINPUTTER01
AA25280370LG|2.5|8|3.35|8.85|20260302|USERVINPUTTER01
AA252802VXNZ|3|8.3|3.55|8.85|20260302|USERVINPUTTER01
AA2528031V7V|2.5|6.9|4.45|8.85|20260302|USERVINPUTTER01
AA252802WK0Z|4|10.5|3.51|10.01|20260302|USERVINPUTTER01
AA252803XB2M|3.75|11.5|2.26|10.01|20260302|USERVINPUTTER01
AA252803TQ81|3.4|4.4|3.4|4.4|20260302|USERVINPUTTER01
AA252802QNXH|6|10.5|5.51|10.01|20260302|USERVINPUTTER01
AA252802R938|2.5|8.3|3.05|8.85|20260302|USERVINPUTTER01
AA252802WPH1|4.3|5.75|2.95|4.4|20260302|USERVINPUTTER01
AA252803RDYK|11.45|11.7|8.48|8.73|20260302|USERVINPUTTER01
AA252803NZ9P|9.45|10.9|9.45|10.9|20260302|USERVINPUTTER01
AA252802QLGG|0.46|1.83|2.83|4.2|20260302|USERVINPUTTER01
AA252805MC0F|7.36|10.9|7.36|10.9|20260302|USERVINPUTTER01
AA252802V22G|11.86|10.11|11.86|10.11|20260302|USERVINPUTTER01
AA252802R7FW|5.34|8.7|6.65|10.01|20260302|USERVINPUTTER01
AA252802QDRW|2.8|10.9|2.8|10.9|20260302|USERVINPUTTER01
AA252803VKW8|2.7|7.85|3.7|8.85|20260302|USERVINPUTTER01
AA252803VCKT|8.5|8.7|8.65|8.85|20260302|USERVINPUTTER01
AA2528042W9D|5.2|10.9|5.2|10.9|20260302|USERVINPUTTER01
AA252803TL3Y|6|10.5|5.51|10.01|20260302|USERVINPUTTER01
AA252805JZT2|3.48|9.9|3.59|10.01|20260302|USERVINPUTTER01
AA252805QZH3|2.5|6.9|4.45|8.85|20260302|USERVINPUTTER01
AA252803714X|1.9|10.9|1.9|10.9|20260302|USERVINPUTTER01
AA252805MZNT|1.05|4.45|1.05|4.45|20260302|USERVINPUTTER01
AA252805KD7P|5.2|11.5|3.71|10.01|20260302|USERVINPUTTER01
AA2528032RKN|3.9|10.9|3.9|10.9|20260302|USERVINPUTTER01
AA252805N655|7.4|10.9|7.4|10.9|20260302|USERVINPUTTER01
AA252803TD3P|1.45|4.45|1.45|4.45|20260302|USERVINPUTTER01
AA252802YD8F|10.4|11.35|7.9|8.85|20260302|USERVINPUTTER01
AA252805JB8Q|2.5|8|3.35|8.85|20260302|USERVINPUTTER01
AA252802W68C|2|11.35|0|8.85|20260302|USERVINPUTTER01
AA2528036KH6|2.4|10.9|2.4|10.9|20260302|USERVINPUTTER01
AA252803RB38|2.25|4.45|2.25|4.45|20260302|USERVINPUTTER01
AA252802YZH0|5.19|8.7|6.5|10.01|20260302|USERVINPUTTER01
AA25280331J3|5.5|8.3|6.05|8.85|20260302|USERVINPUTTER01
AA252805TCCV|3|7|4.85|8.85|20260302|USERVINPUTTER01
AA252800ZZTW|6|12.7|3.31|10.01|20260302|USERVINPUTTER01
AA252809SY4L|5.34|8.7|6.65|10.01|20260302|USERVINPUTTER01
AA2528016MPZ|9.45|10.9|9.45|10.9|20260302|USERVINPUTTER01
AA25280FLQM6|8.61|10.11|8.61|10.11|20260302|USERVINPUTTER01
AA25280G8LH4|6|11.5|4.51|10.01|20260302|USERVINPUTTER01
AA25280RTWCG|5.2|10.9|5.2|10.9|20260302|USERVINPUTTER01
AA25280Y6LDJ|4|11.35|1.5|8.85|20260302|USERVINPUTTER01
AA25280HC726|5.34|8.7|6.65|10.01|20260302|USERVINPUTTER01
AA25280YKZF8|9|11.35|6.5|8.85|20260302|USERVINPUTTER01
AA25280FN45Q|7|12.7|3.15|8.85|20260302|USERVINPUTTER01
AA25280G1WKX|5.7|12.7|3.01|10.01|20260302|USERVINPUTTER01
AA25280GDMP5|8.11|10.65|6.31|8.85|20260302|USERVINPUTTER01
AA25280191T7|10.25|11.35|7.75|8.85|20260302|USERVINPUTTER01
AA25280G7W3K|0.46|1.66|3|4.2|20260302|USERVINPUTTER01
AA252801B015|4.23|10.9|4.23|10.9|20260302|USERVINPUTTER01
AA25280DNKL0|3|7.7|4.15|8.85|20260302|USERVINPUTTER01
AA25280DZ2MZ|5.95|10.9|5.95|10.9|20260302|USERVINPUTTER01
AA25280Y95TP|4.9|10.9|4.9|10.9|20260302|USERVINPUTTER01
AA25280F1791|2.5|7.4|3.95|8.85|20260302|USERVINPUTTER01
AA25280FBRP3|9.5|11.35|7|8.85|20260302|USERVINPUTTER01
AA25280RY656|3|12.7|0.31|10.01|20260302|USERVINPUTTER01
AA25280B70K6|5.7|10.5|5.21|10.01|20260302|USERVINPUTTER01
AA25280FGLSV|3.8|10.9|3.8|10.9|20260302|USERVINPUTTER01
AA252801F3NZ|9|7.85|10|8.85|20260302|USERVINPUTTER01
AA25280B66JK|9.95|10.9|9.95|10.9|20260302|USERVINPUTTER01
AA25280DZF9F|5.7|11.35|3.2|8.85|20260302|USERVINPUTTER01
AA26001NLRP0|12|11|12|11|20260302|USERVINPUTTER01
AA25280Y9PM8|7|12.7|4.31|10.01|20260302|USERVINPUTTER01
AA25280FNLKV|7.36|10.9|7.36|10.9|20260302|USERVINPUTTER01
AA25280FXMHC|4.2|4.45|4.2|4.45|20260302|USERVINPUTTER01
AA25280G2RXR|8.5|4.5|8.5|4.5|20260302|USERVINPUTTER01
AA25280GJNX8|5.03|8.7|5.18|8.85|20260302|USERVINPUTTER01
AA25280GLK3N|3.85|5.35|2.7|4.2|20260302|USERVINPUTTER01
AA25280DVN0M|9.5|11.35|7|8.85|20260302|USERVINPUTTER01
AA25280GPG98|6.98|10.65|5.18|8.85|20260302|USERVINPUTTER01
AA25280FM717|4.35|4.45|4.35|4.45|20260302|USERVINPUTTER01
AA2528019S0C|11.45|11.7|8.48|8.73|20260302|USERVINPUTTER01
AA25280FSS13|10.22|10.9|10.22|10.9|20260302|USERVINPUTTER01
AA252801CKTB|10.25|11.35|7.75|8.85|20260302|USERVINPUTTER01
AA252809XFFN|3.2|10.9|3.2|10.9|20260302|USERVINPUTTER01
AA25280DY50W|9|11.35|6.5|8.85|20260302|USERVINPUTTER01
AA25280FDKVZ|4.9|10.9|4.9|10.9|20260302|USERVINPUTTER01
AA25280GBKC4|7.7|10.5|7.21|10.01|20260302|USERVINPUTTER01
AA25280S27WX|5.85|10.9|5.85|10.9|20260302|USERVINPUTTER01
AA25280GM10R|8|12.7|4.15|8.85|20260302|USERVINPUTTER01
AA2528010TNC|1.5|12.7|0|10.01|20260302|USERVINPUTTER01
AA25280FVY9Z|4.15|5.55|3|4.4|20260302|USERVINPUTTER01
AA25280FK4HC|8.7|11|8.7|11|20260302|USERVINPUTTER01
AA25280G3TJT|5.15|6.5|7.5|8.85|20260302|USERVINPUTTER01
AA25280Y8BXK|9.75|12.7|5.9|8.85|20260302|USERVINPUTTER01
AA25280FTTZ8|6.83|10.5|5.18|8.85|20260302|USERVINPUTTER01
AA252809XS7N|9|10.5|7.35|8.85|20260302|USERVINPUTTER01
AA25280GFKQN|3.5|5.75|2.15|4.4|20260302|USERVINPUTTER01
AA2528018X3S|8|8|8.85|8.85|20260302|USERVINPUTTER01
AA25280FL34B|8.14|10.65|6.34|8.85|20260302|USERVINPUTTER01
AA25280S3MSX|5.25|5.35|4.1|4.2|20260302|USERVINPUTTER01
AA25280FZ001|8.2|9.9|8.31|10.01|20260302|USERVINPUTTER01
AA25280S2NS9|0.36|1.83|2.73|4.2|20260302|USERVINPUTTER01
AA25280G9HH6|6.2|8|7.05|8.85|20260302|USERVINPUTTER01
AA25280Y582J|3.48|9.9|3.59|10.01|20260302|USERVINPUTTER01
AA25280FNBRB|9|10.5|7.35|8.85|20260302|USERVINPUTTER01
AA25280FSJCH|4.03|8.7|5.34|10.01|20260302|USERVINPUTTER01
AA25280GM9DW|1|1.82|0.45|1.27|20260302|USERVINPUTTER01
AA25280FNTC3|4.15|5.55|3|4.4|20260302|USERVINPUTTER01
AA25280GQ62G|5.16|8.7|6.47|10.01|20260302|USERVINPUTTER01
AA252801LKRP|3.9|1.15|6.95|4.2|20260302|USERVINPUTTER01
AA252801163M|5.2|10.9|5.2|10.9|20260302|USERVINPUTTER01
AA252809VQ3R|8.14|10.5|6.49|8.85|20260302|USERVINPUTTER01
AA25280GHYB4|8.7|11|8.7|11|20260302|USERVINPUTTER01
AA25280DNQ0M|6.98|10.65|5.18|8.85|20260302|USERVINPUTTER01
AA25280S0YBD|8.15|10.65|6.35|8.85|20260302|USERVINPUTTER01
AA25280FX63M|5.41|11.35|2.91|8.85|20260302|USERVINPUTTER01
AA25280H9RNQ|2.65|8.3|3.2|8.85|20260302|USERVINPUTTER01
AA25280YDSZV|3.18|5.55|2.03|4.4|20260302|USERVINPUTTER01
AA25280F9FXC|8.5|11.35|6|8.85|20260302|USERVINPUTTER01
AA25280GCV8W|0.46|3|1.66|4.2|20260302|USERVINPUTTER01
AA25280DW0NT|1.9|10.9|1.9|10.9|20260302|USERVINPUTTER01
AA25280G11YF|4.17|5.35|3.02|4.2|20260302|USERVINPUTTER01
AA25280GHL1P|10.4|10.9|10.4|10.9|20260302|USERVINPUTTER01
AA25280Y9YVJ|3|9.9|3.11|10.01|20260302|USERVINPUTTER01
AA25280DLRVK|2.5|.2|6.7|4.4|20260302|USERVINPUTTER01
AA25280G0P4K|6.7|9.9|6.81|10.01|20260302|USERVINPUTTER01
AA25280GBTXZ|6.34|11.35|3.84|8.85|20260302|USERVINPUTTER01
AA25280H5C8M|5.5|10.5|3.85|8.85|20260302|USERVINPUTTER01
AA252801B9S7|8.75|6.5|11.1|8.85|20260302|USERVINPUTTER01
AA25280B6PW4|6.83|10.5|5.18|8.85|20260302|USERVINPUTTER01
AA25280FWR9C|9|11.35|6.5|8.85|20260302|USERVINPUTTER01
AA25280S63T2|6.98|10.65|5.18|8.85|20260302|USERVINPUTTER01
AA252807ZK95|9.5|8|10.35|8.85|20260302|USERVINPUTTER01
AA25280QYZ4H|5.05|10.9|5.05|10.9|20260302|USERVINPUTTER01
AA25280SCJC3|3.9|10.9|3.9|10.9|20260302|USERVINPUTTER01
AA2528094BBX|9|7|10.85|8.85|20260302|USERVINPUTTER01
AA25280QJ7HL|2.7|7.4|4.15|8.85|20260302|USERVINPUTTER01
AA25280QTZ87|9.5|11.35|7|8.85|20260302|USERVINPUTTER01
AA25280SSMM3|3||3||20260302|USERVINPUTTER01
AA252806T8K8|0.63|10.9|0.63|10.9|20260302|USERVINPUTTER01
AA25280SHC6C|0.38|1.1|3.48|4.2|20260302|USERVINPUTTER01
AA25280ZKH1H|2.9|10.9|2.9|10.9|20260302|USERVINPUTTER01
AA2600123WNQ|2.3|1.3|2.3|1.3|20260302|USERVINPUTTER01
AA260016W0DK|10||10||20260302|USERVINPUTTER01
AA2528080VXM|8.14|10.65|6.34|8.85|20260302|USERVINPUTTER01
AA25280QNS34|6|12.7|2.15|8.85|20260302|USERVINPUTTER01
AA260012J880|12|11|12|11|20260302|USERVINPUTTER01
AA26001DRC1L|12|11|12|11|20260302|USERVINPUTTER01
AA25280RNC5F|10.25|12.7|6.4|8.85|20260302|USERVINPUTTER01
AA25280QGH48|4.03|8.7|5.34|10.01|20260302|USERVINPUTTER01
AA25280Z9Z5D|0.4|2.7|1.9|4.2|20260302|USERVINPUTTER01
AA25280QJCNW|4.21|9.9|4.32|10.01|20260302|USERVINPUTTER01
AA25280ZMX26|5|11.35|2.5|8.85|20260302|USERVINPUTTER01
AA25280ZN608|3|5.75|1.65|4.4|20260302|USERVINPUTTER01
AA25280ZTLZG|8.5|7.85|9.5|8.85|20260302|USERVINPUTTER01
AA2528080KMG|2.5|6.9|4.45|8.85|20260302|USERVINPUTTER01
AA25280QVDWM|7.65|10.9|7.65|10.9|20260302|USERVINPUTTER01
AA2528092LNT|8|11.5|6.51|10.01|20260302|USERVINPUTTER01
AA25280QLJ4Z|8.15|10.65|6.35|8.85|20260302|USERVINPUTTER01
AA25280S7DXF|5|10.5|4.51|10.01|20260302|USERVINPUTTER01
AA252808P43L|6|11.5|4.51|10.01|20260302|USERVINPUTTER01
AA26001832BC|12|11|12|11|20260302|USERVINPUTTER01
AA252808TPC3|5.7|10.9|5.7|10.9|20260302|USERVINPUTTER01
AA252808174T|5.7|10.5|5.21|10.01|20260302|USERVINPUTTER01
AA2528070R2J|5|11.5|3.51|10.01|20260302|USERVINPUTTER01
AA25280QW7Y4|10.11|10.11|10.11|10.11|20260302|USERVINPUTTER01
AA252807X2N4|7.75|10.9|7.75|10.9|20260302|USERVINPUTTER01
AA25280SMKLF|4.35|10.9|4.35|10.9|20260302|USERVINPUTTER01
AA25280R1H0D|10.22|10.9|10.22|10.9|20260302|USERVINPUTTER01
AA252806ZRSP|10|12.7|6.15|8.85|20260302|USERVINPUTTER01
AA252807ZZVY|8.45|11|8.45|11|20260302|USERVINPUTTER01
AA25280QF49H|2.5|12.7|0|10.01|20260302|USERVINPUTTER01
AA25280ZGKTX|10.4|10.65|8.6|8.85|20260302|USERVINPUTTER01
AA25280R5GZ1|7.39|10.9|7.39|10.9|20260302|USERVINPUTTER01
AA25280R89PG|10.25|12.7|6.4|8.85|20260302|USERVINPUTTER01
AA25280SD7B7|2.5|5.75|1.15|4.4|20260302|USERVINPUTTER01
AA25280QD2SP|10.11|10.11|10.11|10.11|20260302|USERVINPUTTER01
AA252805X3K5|5|1.7|7.5|4.2|20260302|USERVINPUTTER01
AA25280SNMJR|3.98|10.9|3.98|10.9|20260302|USERVINPUTTER01
AA25280QTHXM|6.98|10.65|5.18|8.85|20260302|USERVINPUTTER01
AA25280QVKCN|10.25|11.35|7.75|8.85|20260302|USERVINPUTTER01
AA25280SMC93|4.03|8.7|5.34|10.01|20260302|USERVINPUTTER01
AA2600101QYT|12|11|12|11|20260302|USERVINPUTTER01
AA2528081LZT|9.5|11.35|7|8.85|20260302|USERVINPUTTER01
AA25280QHH6F|3|5.75|1.65|4.4|20260302|USERVINPUTTER01
AA25280RGYYK|2.5|10.65|0.7|8.85|20260302|USERVINPUTTER01
AA25280RLM2M|8.2|11|8.2|11|20260302|USERVINPUTTER01
AA25280QBZ0Y|3.25|11.5|1.76|10.01|20260302|USERVINPUTTER01
AA25280Z9X43|7.5|11.35|5|8.85|20260302|USERVINPUTTER01
AA25280ZSK2W|6|7.7|7.15|8.85|20260302|USERVINPUTTER01
AA260012TWLJ|12|11|12|11|20260302|USERVINPUTTER01
AA260017HXFC|12|11|12|11|20260302|USERVINPUTTER01
AA25280Q94NZ|4.03|8.7|5.34|10.01|20260302|USERVINPUTTER01
AA25280RMR37|2.23|10.9|2.23|10.9|20260302|USERVINPUTTER01
AA252806TP2Q|8|11|8|11|20260302|USERVINPUTTER01
AA2528070BL1|4.75|7.7|5.9|8.85|20260302|USERVINPUTTER01
AA25280RJV30|8.6|11.5|7.11|10.01|20260302|USERVINPUTTER01
AA25280ZHNFW|8.5|12.7|4.65|8.85|20260302|USERVINPUTTER01
AA252807XH4G|1.15|10.9|1.15|10.9|20260302|USERVINPUTTER01
AA25280QC2SF|6.95|10.9|6.95|10.9|20260302|USERVINPUTTER01
AA260012L5W6|10||10||20260302|USERVINPUTTER01
AA260015XWQY|12|11|12|11|20260302|USERVINPUTTER01
AA252807XYSP|0.38|2.7|1.88|4.2|20260302|USERVINPUTTER01
AA25280RJ2RQ|3|5.5|1.9|4.4|20260302|USERVINPUTTER01
AA25280S705F|4.05|5.35|2.9|4.2|20260302|USERVINPUTTER01
AA25280SM52M|1.9|10.9|1.9|10.9|20260302|USERVINPUTTER01
AA25280SQ6XB|2.5|5.75|1.15|4.4|20260302|USERVINPUTTER01
AA25280RJSL6|7.36|10.9|7.36|10.9|20260302|USERVINPUTTER01
AA25280RL97Y|4.25|11.35|1.75|8.85|20260302|USERVINPUTTER01
AA25280SGBF4|4.35|4.45|4.35|4.45|20260302|USERVINPUTTER01
AA25280ZBRNY|2.5|8|3.35|8.85|20260302|USERVINPUTTER01
AA25280R47DS|9|11.35|6.5|8.85|20260302|USERVINPUTTER01
AA25280ZLHW9|3.75|11.35|1.25|8.85|20260302|USERVINPUTTER01
AA260012QVJB|2.3|1.3|2.3|1.3|20260302|USERVINPUTTER01
AA252808VZ7Z|7.75|11.35|5.25|8.85|20260302|USERVINPUTTER01
AA252807R4RQ|8.87|11|8.87|11|20260302|USERVINPUTTER01
AA252808QDVN|4.85|10.9|4.85|10.9|20260302|USERVINPUTTER01
AA25280R009R|8.5|11.4|7.11|10.01|20260302|USERVINPUTTER01
AA252806S38P|3|7.85|4|8.85|20260302|USERVINPUTTER01
AA252806THT6|2.5|8|3.35|8.85|20260302|USERVINPUTTER01
AA25280RM8RX|0.4|10.9|0.4|10.9|20260302|USERVINPUTTER01
AA25280Z7L1M|8|7.7|9.15|8.85|20260302|USERVINPUTTER01
AA25280ZS04D|6|10.5|4.35|8.85|20260302|USERVINPUTTER01
AA25280ZSS9R|2.5|6.9|4.45|8.85|20260302|USERVINPUTTER01
AA25280QQ696|3.75|11.5|2.26|10.01|20260302|USERVINPUTTER01
AA25280R2MVB|5.7|10.5|5.21|10.01|20260302|USERVINPUTTER01
AA25280S90N5|8.16|11.7|5.19|8.73|20260302|USERVINPUTTER01
AA26001F1KBQ|12|11|12|11|20260302|USERVINPUTTER01
AA25280RC531|1.9|10.9|1.9|10.9|20260302|USERVINPUTTER01
AA252806RPBK|5.4|10.9|5.4|10.9|20260302|USERVINPUTTER01
AA25280SCRFB|8.14|10.65|6.34|8.85|20260302|USERVINPUTTER01
AA25280R29NX|9.5|7.4|10.95|8.85|20260302|USERVINPUTTER01
AA252806TFST|2.65|8|3.5|8.85|20260302|USERVINPUTTER01
AA252808VT0N|4.95|11.5|3.46|10.01|20260302|USERVINPUTTER01
AA25280RB9R9|3.9|10.9|3.9|10.9|20260302|USERVINPUTTER01
AA25280QSK9B|10|11.35|7.5|8.85|20260302|USERVINPUTTER01
AA25280QSYRD|6.23|10.9|6.23|10.9|20260302|USERVINPUTTER01
AA252808WQLY|2|12.7|0|10.01|20260302|USERVINPUTTER01
AA25280QDD8R|8.45|10.5|7.96|10.01|20260302|USERVINPUTTER01
AA2528021HFC|7.11|10.11|7.11|10.11|20260302|USERVINPUTTER01
AA25280Z7739|2.5|8.3|3.05|8.85|20260302|USERVINPUTTER01
AA25280ZSXVT|7.25|11.35|4.75|8.85|20260302|USERVINPUTTER01
AA252808WP0J|7.55|11|7.55|11|20260302|USERVINPUTTER01
AA25280SWP7Q|2.5|7.85|3.5|8.85|20260302|USERVINPUTTER01
AA25280ZR7D9|5.5|6.9|7.45|8.85|20260302|USERVINPUTTER01
AA252807VVR7|8.3|10.5|6.65|8.85|20260302|USERVINPUTTER01
AA25280SBLBT|6.05|12.7|2.2|8.85|20260302|USERVINPUTTER01
AA25280SGQJ5|3|6.9|4.95|8.85|20260302|USERVINPUTTER01
AA25280R6TNF|4.03|8.7|5.34|10.01|20260302|USERVINPUTTER01
AA25280S7WRJ|4.4|4.5|4.4|4.5|20260302|USERVINPUTTER01
AA252806S968|2.5|7.7|3.65|8.85|20260302|USERVINPUTTER01
AA25280ZK0H7|3.8|4.5|3.8|4.5|20260302|USERVINPUTTER01
AA2600154SHW|12|11|12|11|20260302|USERVINPUTTER01
AA252808W4RC|8.11|10.65|6.31|8.85|20260302|USERVINPUTTER01
AA252801SPLT|0.41|2.7|1.91|4.2|20260302|USERVINPUTTER01
AA25280BXCTH|11.45|11.7|8.48|8.73|20260302|USERVINPUTTER01
AA252803LN9N|7.39|10.9|7.39|10.9|20260302|USERVINPUTTER01
AA252803LPQW|0.46|1|3.66|4.2|20260302|USERVINPUTTER01
AA25280TZS7L|0.46|0|4.66|4.2|20260302|USERVINPUTTER01
AA252801Q4B9|10|11.25|7.6|8.85|20260302|USERVINPUTTER01
AA25280CZ94P|3.71|10.9|3.71|10.9|20260302|USERVINPUTTER01
AA25280V2LLP|4.75|11.35|2.25|8.85|20260302|USERVINPUTTER01
AA25280BVXM0|0.38|0|4.58|4.2|20260302|USERVINPUTTER01
AA25280VBS6Z|3.4|10.9|3.4|10.9|20260302|USERVINPUTTER01
AA252801TMTC|8.14|10.65|6.34|8.85|20260302|USERVINPUTTER01
AA25280D392T|4.25|12.7|0.4|8.85|20260302|USERVINPUTTER01
AA25280DG7PZ|2.5|8|3.35|8.85|20260302|USERVINPUTTER01
AA260019HXH4|10||10||20260302|USERVINPUTTER01
AA260018L106|12|11|12|11|20260302|USERVINPUTTER01
AA25280DFK2V|4.05|5.35|2.9|4.2|20260302|USERVINPUTTER01
AA260018GHSZ|2.3|1.3|2.3|1.3|20260302|USERVINPUTTER01
AA252801R5RR|1.25|4.45|1.25|4.45|20260302|USERVINPUTTER01
AA25280TSWXQ|2.5|7.85|3.5|8.85|20260302|USERVINPUTTER01
AA252801QC36|3|5.75|1.65|4.4|20260302|USERVINPUTTER01
AA25280TX705|2.96|7.7|4.11|8.85|20260302|USERVINPUTTER01
AA2528039X2L|7.36|10.9|7.36|10.9|20260302|USERVINPUTTER01
AA25280TL66J|2.5|6.9|4.45|8.85|20260302|USERVINPUTTER01
AA25280C0CLM|5.34|8.7|6.65|10.01|20260302|USERVINPUTTER01
AA25280VBSHQ|4|8.7|5.31|10.01|20260302|USERVINPUTTER01
AA252801R55H|10.25|11.35|7.75|8.85|20260302|USERVINPUTTER01
AA26001DDNDY|12|11|12|11|20260302|USERVINPUTTER01
AA25280BXL2L|7.54|10.9|7.54|10.9|20260302|USERVINPUTTER01
AA25280TXN5J|2.97|8|3.82|8.85|20260302|USERVINPUTTER01
AA252803BT4F|5.2|5.35|4.05|4.2|20260302|USERVINPUTTER01
AA252803LLY7|7.35|11|7.35|11|20260302|USERVINPUTTER01
AA25280CVHVY|7.55|11|7.55|11|20260302|USERVINPUTTER01
AA25280CX584|6|11.5|4.51|10.01|20260302|USERVINPUTTER01
AA252801SRV1|1.9|4.5|1.9|4.5|20260302|USERVINPUTTER01
AA25280D4M7Y|5.8|11.35|3.3|8.85|20260302|USERVINPUTTER01
AA25280SZW91|8|12.7|5.31|10.01|20260302|USERVINPUTTER01
AA25280TTKF3|10.22|10.9|10.22|10.9|20260302|USERVINPUTTER01
AA25280T9JY4|7.36|10.9|7.36|10.9|20260302|USERVINPUTTER01
AA252801M014|11.45|11.7|8.48|8.73|20260302|USERVINPUTTER01
AA25280D9X9Y|10.5|11.35|8|8.85|20260302|USERVINPUTTER01
AA26001BBTHK|10||10||20260302|USERVINPUTTER01
AA25280TZWGX|7.35|10.9|7.35|10.9|20260302|USERVINPUTTER01
AA25280BHYN5|2.5|4.6|6.75|8.85|20260302|USERVINPUTTER01
AA25280D5SQN|6.2|10.9|6.2|10.9|20260302|USERVINPUTTER01
AA25280394K5|8.25|11|8.25|11|20260302|USERVINPUTTER01
AA25280DCKLR|4.5|1.08|7.62|4.2|20260302|USERVINPUTTER01
AA25280BX5L6|9|10.5|7.35|8.85|20260302|USERVINPUTTER01
AA25280CVM87|8.5|11.35|6|8.85|20260302|USERVINPUTTER01
AA25280DLM3W|4.85|10.9|4.85|10.9|20260302|USERVINPUTTER01
AA25280D9JCJ|5.15|10.9|5.15|10.9|20260302|USERVINPUTTER01
AA25280DG713|9.11|10.11|9.11|10.11|20260302|USERVINPUTTER01
AA25280TGLG1|10|12.7|6.15|8.85|20260302|USERVINPUTTER01
AA25280TQ66T|2.7|8|3.55|8.85|20260302|USERVINPUTTER01
AA25280B84VZ|5|10|5.01|10.01|20260302|USERVINPUTTER01
AA25280BJBQT|5.15|10.9|5.15|10.9|20260302|USERVINPUTTER01
AA25280BYSTL|3|5.55|1.85|4.4|20260302|USERVINPUTTER01
AA25280CX4DF|2.62|4.4|2.62|4.4|20260302|USERVINPUTTER01
AA252803CGW8|0.46|2.7|1.96|4.2|20260302|USERVINPUTTER01
AA25280B7GZQ|2|2.95|3.45|4.4|20260302|USERVINPUTTER01
AA25280T21SK|3.53|10.9|3.53|10.9|20260302|USERVINPUTTER01
AA25280D1CM2|10.25|11.35|7.75|8.85|20260302|USERVINPUTTER01
AA25280BWQ6N|3.5|8.7|4.81|10.01|20260302|USERVINPUTTER01
AA252803NTKB|6|11.5|4.51|10.01|20260302|USERVINPUTTER01
AA252801Q7FH|6.7|10.5|6.21|10.01|20260302|USERVINPUTTER01
AA25280DG6QP|10.25|11.35|7.75|8.85|20260302|USERVINPUTTER01
AA26001BFV80|12|11|12|11|20260302|USERVINPUTTER01
AA25280BGK07|2.67|4.45|2.67|4.45|20260302|USERVINPUTTER01
AA25280V36VG|3|5.75|1.65|4.4|20260302|USERVINPUTTER01
AA252803LWM2|0.4|1.7|2.9|4.2|20260302|USERVINPUTTER01
AA25280DG762|2.5|12.7|0|10.01|20260302|USERVINPUTTER01
AA25280V15BY|5.9|10.9|5.9|10.9|20260302|USERVINPUTTER01
AA260018DCHF|12|11|12|11|20260302|USERVINPUTTER01
AA252801R2KS|5|5.35|3.85|4.2|20260302|USERVINPUTTER01
AA25280D73R9|6.98|10.65|5.18|8.85|20260302|USERVINPUTTER01
AA25280V5XPN|2.7|8|3.55|8.85|20260302|USERVINPUTTER01
AA26001B9YTG|2.3|1.3|2.3|1.3|20260302|USERVINPUTTER01
AA25280V65M2|2.5|7.7|3.65|8.85|20260302|USERVINPUTTER01
AA25280V6NHJ|8.7|11|8.7|11|20260302|USERVINPUTTER01
AA252803FLWR|5.15|10.9|5.15|10.9|20260302|USERVINPUTTER01
AA252763MX0H|6.83|11|6.83|11|20260302|USERVINPUTTER01
AA25280C5PM8|8|7.85|9|8.85|20260302|USERVINPUTTER01
AA25280CJ8VL|7.39|10.9|7.39|10.9|20260302|USERVINPUTTER01
AA25280CRMLH|10.25|11.35|7.75|8.85|20260302|USERVINPUTTER01
AA25280HS6HY|6|10.5|5.51|10.01|20260302|USERVINPUTTER01
AA25280HWSHQ|8.15|11|8.15|11|20260302|USERVINPUTTER01
AA25280PW1XS|8|10|8|10|20260302|USERVINPUTTER01
AA2527654QVP|6.83|11|6.83|11|20260302|USERVINPUTTER01
AA2528089FJM|8.1|7.7|9.25|8.85|20260302|USERVINPUTTER01
AA25280J4CW3|8.25||8.25||20260302|USERVINPUTTER01
AA252808DGH5|5.5|7|7.35|8.85|20260302|USERVINPUTTER01
AA25280HNLWW|4.5|5.35|3.35|4.2|20260302|USERVINPUTTER01
AA25280PZ7FL|7.08|11|7.08|11|20260302|USERVINPUTTER01
AA25280BG5Q2|5.3|5.35|4.15|4.2|20260302|USERVINPUTTER01
AA25280CS05F|6.7|11.5|5.21|10.01|20260302|USERVINPUTTER01
AA25276ZBY4D|8.33|11|8.33|11|20260302|USERVINPUTTER01
AA252764D30L|8.08|11|8.08|11|20260302|USERVINPUTTER01
AA25280Z30W7|2.15|10.9|2.15|10.9|20260302|USERVINPUTTER01
AA252808DV25|4.75|11.35|2.25|8.85|20260302|USERVINPUTTER01
AA25280C1D7W|3.25|11.5|1.76|10.01|20260302|USERVINPUTTER01
AA25280PQ6WC|2.7|4.5|2.7|4.5|20260302|USERVINPUTTER01
AA25280B9S1M|8|8.7|8.15|8.85|20260302|USERVINPUTTER01
AA25280NSBWW|3|8.3|3.55|8.85|20260302|USERVINPUTTER01
AA25280C993V|2.5|8|3.35|8.85|20260302|USERVINPUTTER01
AA25280CH3P5|5.7|10.9|5.7|10.9|20260302|USERVINPUTTER01
AA25280C2MKX|5|11.35|2.5|8.85|20260302|USERVINPUTTER01
AA25280C35B0|2.5|7.25|4.1|8.85|20260302|USERVINPUTTER01
AA25280884R0|2.5|6.9|4.45|8.85|20260302|USERVINPUTTER01
AA25280C17CK|8|10.5|6.35|8.85|20260302|USERVINPUTTER01
AA25280J3YQ2|5.19|8.7|6.5|10.01|20260302|USERVINPUTTER01
AA25280Z29QL|2.5|8.3|3.05|8.85|20260302|USERVINPUTTER01
AA25280HD37S|7.5|9.9|7.61|10.01|20260302|USERVINPUTTER01
AA252766YFC7|6.83|11|6.83|11|20260302|USERVINPUTTER01
AA25280BB06B|5.16|8.7|6.47|10.01|20260302|USERVINPUTTER01
AA25280J4XRF|5.6|11.35|3.1|8.85|20260302|USERVINPUTTER01
AA25276YNG4S|9.45|11|9.45|11|20260302|USERVINPUTTER01
AA25280Z2LPM|6.15|10.9|6.15|10.9|20260302|USERVINPUTTER01
AA25280B8DYQ|8|11.35|5.5|8.85|20260302|USERVINPUTTER01
AA25280HMV1M|8|11.5|6.51|10.01|20260302|USERVINPUTTER01
AA25280J2RJN|5.25|5.35|4.1|4.2|20260302|USERVINPUTTER01
AA25280PWRXD|0.33|1.83|2.7|4.2|20260302|USERVINPUTTER01
AA25280CMB1G|2|5.55|0.85|4.4|20260302|USERVINPUTTER01
AA25280J1MXD|2.84|6.9|4.79|8.85|20260302|USERVINPUTTER01
AA2528001JBV|8|11.35|5.5|8.85|20260302|USERVINPUTTER01
AA25280C9QJ2|5.5|11.35|3|8.85|20260302|USERVINPUTTER01
AA25280JBNMF|7.39|10.9|7.39|10.9|20260302|USERVINPUTTER01
AA25280J9QNG|3.2|6.9|5.15|8.85|20260302|USERVINPUTTER01
AA25280CQV00|6|9.9|6.11|10.01|20260302|USERVINPUTTER01
AA25280JMG6Y|4.03|8.7|5.34|10.01|20260302|USERVINPUTTER01
AA25280Z3RVD|2.5|8.3|3.05|8.85|20260302|USERVINPUTTER01
AA25280Z6JJT|2.5|6.5|4.85|8.85|20260302|USERVINPUTTER01
AA25280C16JY|5.1|8.6|3.61|7.11|20260302|USERVINPUTTER01
AA25280HG5P2|7|10.5|5.35|8.85|20260302|USERVINPUTTER01
AA25280C2FGV|5.15|6.5|7.5|8.85|20260302|USERVINPUTTER01
AA25280C9YJG|8.7|11|8.7|11|20260302|USERVINPUTTER01
AA25280D99G4|5.2|10.9|5.2|10.9|20260302|USERVINPUTTER01
AA25280YS57M|7.35|11.35|4.85|8.85|20260302|USERVINPUTTER01
AA25280C39DV|6|11.5|4.51|10.01|20260302|USERVINPUTTER01
AA25276W6ZF8|10.75|11|10.75|11|20260302|USERVINPUTTER01
AA2528089CT0|4.25|8|5.1|8.85|20260302|USERVINPUTTER01
AA2527659KH5|6.83|11|6.83|11|20260302|USERVINPUTTER01
AA25280YT1RP|6|8.7|6.15|8.85|20260302|USERVINPUTTER01
AA25280Z0F82|10.3|12.7|6.45|8.85|20260302|USERVINPUTTER01
AA252764YPFG|6.58|11|6.58|11|20260302|USERVINPUTTER01
AA2527677VTJ|6.83|11|6.83|11|20260302|USERVINPUTTER01
AA252808CXSX|4.03|8.7|5.34|10.01|20260302|USERVINPUTTER01
AA25280HMP0T|1.25|4.45|1.25|4.45|20260302|USERVINPUTTER01
AA25280HPXTL|4.03|8.7|5.34|10.01|20260302|USERVINPUTTER01
AA252765BCPZ|6.33|11|6.33|11|20260302|USERVINPUTTER01
AA252766XM2M|6.33|11|6.33|11|20260302|USERVINPUTTER01
AA25280NS74N|5.2|10.9|5.2|10.9|20260302|USERVINPUTTER01
AA2528086Y93|5.16|8.7|6.47|10.01|20260302|USERVINPUTTER01
AA25280HKB39|3|5.75|1.65|4.4|20260302|USERVINPUTTER01
AA252808DR57|3|7.7|4.15|8.85|20260302|USERVINPUTTER01
AA25280C2K46|1.95|4.45|1.95|4.45|20260302|USERVINPUTTER01
AA25280PZYCW|2.2|10.9|2.2|10.9|20260302|USERVINPUTTER01
AA25280Z08PF|7|11.5|5.51|10.01|20260302|USERVINPUTTER01
AA25246TK13Y|8.45|8.7|9.76|10.01|20260302|USERVINPUTTER01
AA25280JNX1Y|6.9|10.9|6.9|10.9|20260302|USERVINPUTTER01
AA25280YXXZ7|6|10.5|5.51|10.01|20260302|USERVINPUTTER01
AA25280YYFWY|4|8.7|5.31|10.01|20260302|USERVINPUTTER01
AA25280C9YMT|2.23|10.9|2.23|10.9|20260302|USERVINPUTTER01
AA25280YMKXC|3|5.5|1.9|4.4|20260302|USERVINPUTTER01
AA25280C6269|7.5|10.5|7.01|10.01|20260302|USERVINPUTTER01
AA25280J328H|10.11|10.11|10.11|10.11|20260302|USERVINPUTTER01
AA25280J4XSV|8.3|8|9.15|8.85|20260302|USERVINPUTTER01
AA25280PXP2Y|11.45|11.7|8.48|8.73|20260302|USERVINPUTTER01
